{"cameraMode":{"drawMode":0,"name":"Shaded","section":"Shading Mode"},"sceneLighting":true,"audioPlay":false,"sceneViewState":{"showFog":true,"showMaterialUpdate":false,"showSkybox":true,"showFlares":true,"showImageEffects":true,"showParticleSystems":true},"in2DMode":false,"pivot":{"x":-12.224686622619629,"y":-8.917214393615723,"z":32.978153228759769},"rotation":{"x":-0.14157840609550477,"y":0.17367616295814515,"z":-0.02523779310286045,"w":-0.9742535948753357},"size":27.267839431762697,"orthographic":false}